experiment,cell,metric,median,min,max,n
e4a,w1_10k,ach,9966.587934861103,9956.242643135052,10018.96945087621,5
e4a,w1_10k,drain,0.050982515,0.02400655,0.064407165,5
e4a,w1_10k,p99,83.39089809999996,72.04520769,140.69579679999987,5
e4a,w1_10k,util,0.4482363136754384,0.44075642938190435,0.451586254646833,5
e4a,w1_10k,broker,2.6800000000000637,2.509999999999991,2.8100000000000023,5
e4a,w1_10k,prod,1.108297167999993,1.0843247089999863,1.1355725559999996,5
e4a,w1_20k,ach,20003.600175946704,19877.247924253934,20031.201135725198,5
e4a,w1_20k,drain,0.029109698,0.00403184,0.082933203,5
e4a,w1_20k,p99,117.66266201999998,100.066173,128.74099740000003,5
e4a,w1_20k,util,0.6318580756724639,0.6312361615118987,0.6363369893226141,5
e4a,w1_20k,broker,2.75,2.57000000000005,2.7899999999999636,5
e4a,w1_20k,prod,1.3384855570000127,1.3095214000000084,1.392333266999998,5
e4a,w1_30k,ach,29942.557816813736,29932.791729120414,29953.072443524743,5
e4a,w1_30k,drain,0.056417677,0.027878722,0.069487626,5
e4a,w1_30k,p99,100.36009796000003,96.66477182999999,109.3951116,5
e4a,w1_30k,util,0.8276804133288945,0.8213621284614604,0.8325862695200462,5
e4a,w1_30k,broker,2.689999999999941,2.6200000000000045,2.7600000000000477,5
e4a,w1_30k,prod,1.545000170999998,1.4960711929999988,1.5612507810000125,5
e4a,w1_40k,ach,39857.11739960483,39781.50415805973,39869.353089672666,5
e4a,w1_40k,drain,0.085942192,0.078404355,0.087454786,5
e4a,w1_40k,p99,93.08025486999999,86.02154709999999,146.05460003,5
e4a,w1_40k,util,1.0160311518131795,1.0092819331318152,1.0336474471626311,5
e4a,w1_40k,broker,2.660000000000025,2.5299999999999727,2.7200000000000273,5
e4a,w1_40k,prod,1.7040727790000005,1.6719999309999993,1.7160283549999988,5
e4a,w1_45k,ach,44805.26899321611,44751.71367075828,44816.03009338977,5
e4a,w1_45k,drain,0.074822847,0.06353422,0.093055934,5
e4a,w1_45k,p99,89.87651043999999,81.96891539000002,116.532148,5
e4a,w1_45k,util,1.112756139739367,1.097156801107991,1.1342753438414201,5
e4a,w1_45k,broker,2.569999999999993,2.5500000000000114,2.650000000000091,5
e4a,w1_45k,prod,1.816461554,1.7420109410000038,1.8422274179999931,5
e4a,w1_50k,ach,49530.384381757525,48986.03734674952,49764.398586395444,5
e4a,w1_50k,drain,0.100930915,0.077717934,0.253565867,5
e4a,w1_50k,p99,111.3409796,86.16592100000005,203.7411802,5
e4a,w1_50k,util,1.2038501595744615,1.1737300813174976,1.212682009820297,5
e4a,w1_50k,broker,2.5400000000000773,2.4799999999999613,2.740000000000009,5
e4a,w1_50k,prod,1.8826107250000064,1.7768497669999999,1.894812746999996,5
e4a,w1_55k,ach,49691.02588555217,49486.15190857319,51562.34748663275,5
e4a,w1_55k,drain,1.096797212,0.707762843,1.148939011,5
e4a,w1_55k,p99,969.1587756800001,586.26082665,988.6448317299999,5
e4a,w1_55k,util,1.198049953352626,1.1874879085866774,1.2185887806672913,5
e4a,w1_55k,broker,2.6100000000000136,2.359999999999957,2.6999999999999886,5
e4a,w1_55k,prod,1.9628377200000102,1.8916098550000005,1.9975990460000048,5
e4a,w1_60k,ach,49176.29064050124,40112.51998815729,50029.636998293514,5
e4a,w1_60k,drain,2.075894467,2.028878779,2.326326228,5
e4a,w1_60k,p99,2055.6510162299996,1969.71913327,2349.199387,5
e4a,w1_60k,util,1.1681046855767705,0.9513432545954655,1.1963124491434673,5
e4a,w1_60k,broker,2.5,2.339999999999975,2.6200000000000614,5
e4a,w1_60k,prod,2.034731498999996,1.966370233000001,2.073524563999996,5
e4a,w1_70k,ach,50875.393442393186,49555.92891393566,52209.0959126798,5
e4a,w1_70k,drain,3.794205811,3.424129033,4.140738181,5
e4a,w1_70k,p99,3781.2416416,3472.2290372499997,4191.2693598999995,5
e4a,w1_70k,util,1.190263855120602,1.1815055514908126,1.1953163129660416,5
e4a,w1_70k,broker,2.060000000000059,1.990000000000009,2.1399999999999864,5
e4a,w1_70k,prod,2.185663728999998,2.165423723999993,2.280022217999999,5
e4a,w2_60k,ach,59604.09560197007,59157.6351827385,59773.538511108934,5
e4a,w2_60k,drain,0.080257209,0.064627074,0.181406228,5
e4a,w2_60k,p99,227.65403013999972,171.68429894,347.63121,5
e4a,w2_60k,util,0.869410018863693,0.8543716938032849,0.8866957648731691,5
e4a,w2_60k,broker,2.730000000000018,2.6200000000000045,2.8600000000000136,5
e4a,w2_60k,prod,2.014371123000018,1.9516321929999947,2.078103943000002,5
e4a,w2_70k,ach,69661.63208772735,69474.98733061079,69695.1977194977,5
e4a,w2_70k,drain,0.076436193,0.066127404,0.09338787,5
e4a,w2_70k,p99,418.659406,95.57429832000001,439.35000486,5
e4a,w2_70k,util,0.9682372361680911,0.861507476842358,0.9825296282477181,5
e4a,w2_70k,broker,2.6100000000000136,2.57000000000005,2.669999999999959,5
e4a,w2_70k,prod,2.159494489,2.118067678000001,2.185304964,5
e4a,w2_80k,ach,79620.75123393004,70836.6522666142,79649.75427966675,5
e4a,w2_80k,drain,0.086618983,0.058197873,1.319236267,5
e4a,w2_80k,p99,603.3196800000001,330.15941185999986,1950.5711307,5
e4a,w2_80k,util,1.0368933386087062,0.978079362430336,1.0783909619285432,5
e4a,w2_80k,broker,2.7999999999999545,2.6100000000000136,2.9399999999999977,5
e4a,w2_80k,prod,2.326282655,2.2812236579999876,2.5070044200000012,5
e4a,w2_100k,ach,85029.28925232268,82786.53272754516,87931.43414173921,5
e4a,w2_100k,drain,1.786362236,1.399356215,2.090919164,5
e4a,w2_100k,p99,1776.9342889000002,1431.0787746,2034.90512371,5
e4a,w2_100k,util,1.0749047209209726,1.0525932478372062,1.1062587859934894,5
e4a,w2_100k,broker,2.8799999999999955,2.6499999999999773,2.8899999999999864,5
e4a,w2_100k,prod,2.701749446000008,2.6587249840000027,2.714718267000009,5
e4a,w2_110k,ach,82091.8058794225,70771.2726093303,91094.57147960112,5
e4a,w2_110k,drain,3.42413218,2.101055151,5.567999547,5
e4a,w2_110k,p99,3189.09067778,2050.74315008,5372.277258010002,5
e4a,w2_110k,util,1.022089773289294,0.8844704458062839,1.1106252150592215,5
e4a,w2_110k,broker,2.230000000000018,1.8099999999999454,3.569999999999993,5
e4a,w2_110k,prod,2.8235565110000067,2.814124165999999,2.859776023000002,5
e4a,w2_120k,ach,81665.64444270972,69431.40169536565,91320.72763986848,5
e4a,w2_120k,drain,4.719043498,3.160865209,7.247055551,5
e4a,w2_120k,p99,4486.66377604,3118.71243056,6892.2373012,5
e4a,w2_120k,util,1.0393265081206111,0.8748691241728114,1.1183670362569629,5
e4a,w2_120k,broker,2.2199999999999704,2.090000000000032,3.6399999999999864,5
e4a,w2_120k,prod,3.0090292429999863,2.953394070999991,3.108050128000002,5
e4a,w2_140k,ach,85656.5725881971,78437.38596769328,91483.26313139043,5
e4a,w2_140k,drain,6.363575622,5.31811213,7.868334371,5
e4a,w2_140k,p99,6033.21797388,5094.936996359999,7368.15733523,5
e4a,w2_140k,util,1.036288732839065,0.9715044272576799,1.0479168119497926,5
e4a,w2_140k,broker,2.089999999999975,1.9300000000000637,3.3700000000000045,5
e4a,w2_140k,prod,3.3871304360000067,3.2741940740000075,3.4702361639999992,5
e4b,base,capacity_eps,54685.613055832255,52468.90691107321,56217.06086120713,5
e4b,batch500,capacity_eps,49755.69235338399,49289.451991713875,52680.6805884704,5
e4b,batch8000,capacity_eps,55856.33913657654,54870.4121938819,58716.56096946451,5
e4b,lz4,capacity_eps,54386.586047167686,53407.46817154069,56459.679639601236,5
e4b,linger0,capacity_eps,54079.939899621604,53562.715849643515,56710.63089290899,5
e4b,linger20,capacity_eps,54379.15259570815,52253.63203237883,57263.12373052046,5
e4b,w2_part2,capacity_eps,95960.55096142237,89010.77118754669,98129.76863419946,5
e4b,w2_part6,capacity_eps,87948.51136862447,87279.06462655678,92126.63917712716,5
e4b,w2_part12,capacity_eps,87042.95605298995,66459.38880058451,93257.33488224466,5
e4c,pinned_w1,capacity_eps,54717.07095355436,42689.768595357535,56937.7363318394,5
e4c,unpinned_w1,capacity_eps,54998.28317194255,53911.187605973144,55975.90764782276,5
e4c,pinned_w2,capacity_eps,88350.24777357848,83665.18587578887,91212.98231662814,5
e4c,unpinned_w2,capacity_eps,96308.10922354134,92149.95007702275,102647.33112576562,5
e4c,pinned_w4,capacity_eps,78520.77097791812,63601.21184962948,86107.30396062111,5
e4c,unpinned_w4,capacity_eps,114430.38099206975,106562.886339049,120539.15059375644,5
e5,load25:producer_to_broker,p50,0.7146395,0.459161,1.043473,14
e5,load25:producer_to_broker,p95,4.668504199999999,4.1938025,322.0684934999971,14
e5,load25:producer_to_broker,p99,5.415961839999997,5.038534029999998,768.20427166,14
e5,load25:broker_to_consumer,p50,7.807994,7.328097,9.22618,14
e5,load25:broker_to_consumer,p95,53.6954954,47.742206,61.74780219999996,14
e5,load25:broker_to_consumer,p99,68.39310657999998,58.914049569999975,90.378647,14
e5,load25:engine_update,p50,17.40993,16.1964035,18.290912,14
e5,load25:engine_update,p95,22.09478815,20.218913,35.99346139999999,14
e5,load25:engine_update,p99,29.663410339999977,21.380366879999997,40.632319,14
e5,load25:scoring,p50,0.994586,0.954612,1.018717,14
e5,load25:scoring,p95,1.511255,1.3096487999999988,1.843256,14
e5,load25:scoring,p99,2.2349449599999995,1.7578963000000003,3.896385189999979,14
e5,load25:alert_emit,p50,0.07628599999999999,0.072028,0.080083,14
e5,load25:alert_emit,p95,0.138659925,0.12742915,0.166069,14
e5,load25:alert_emit,p99,0.18387279999999998,0.15104098,0.7550710000000034,14
e5,load25:total,p50,27.8634975,26.782760500000002,29.417987,14
e5,load25:total,p95,73.8655251,66.1930248,468.2601769999983,14
e5,load25:total,p99,88.59840039499997,79.84533930000003,830.33275974,14
e5,load50:producer_to_broker,p50,0.8694185,0.607852,1.038825,15
e5,load50:producer_to_broker,p95,4.5208122999999985,4.122342100000001,4.709597,15
e5,load50:producer_to_broker,p99,5.489347859999998,5.164329599999999,16.094979330000015,15
e5,load50:broker_to_consumer,p50,5.211498,4.945927,5.935901,15
e5,load50:broker_to_consumer,p95,54.325794,47.671551799999975,59.77463489999998,15
e5,load50:broker_to_consumer,p99,72.73819487000006,69.62701309999999,78.75009112000001,15
e5,load50:engine_update,p50,37.959472,36.435248,40.090641,15
e5,load50:engine_update,p95,41.3972592,39.132757,48.69744319999998,15
e5,load50:engine_update,p99,46.98871812000001,40.591856,68.1235623599997,15
e5,load50:scoring,p50,1.130778,1.080563,1.1771415,15
e5,load50:scoring,p95,1.5654067999999994,1.405793,1.986484,15
e5,load50:scoring,p99,2.16134075,1.5839820199999999,3.811212,15
e5,load50:alert_emit,p50,0.097244,0.088827,0.1009535,15
e5,load50:alert_emit,p95,0.18021600000000002,0.1688119499999999,0.22275939999999994,15
e5,load50:alert_emit,p99,0.2528015999999999,0.20809468000000017,0.9461878100000004,15
e5,load50:total,p50,46.238612,44.57762,48.705842,15
e5,load50:total,p95,96.43187544999999,87.38136539999998,103.30782399999997,15
e5,load50:total,p99,115.51970731,109.44608535999996,124.43699032999999,15
e5,load75:producer_to_broker,p50,1.4382005,1.239096,1.8717584999999999,15
e5,load75:producer_to_broker,p95,5.1187919,4.913751,7.567227199999976,15
e5,load75:producer_to_broker,p99,6.000557119999983,5.5074534,65.32225946000024,15
e5,load75:broker_to_consumer,p50,6.520102,5.477913,323.204914,15
e5,load75:broker_to_consumer,p95,48.479713,44.052012,562.1030873999999,15
e5,load75:broker_to_consumer,p99,72.71129,57.636073460000006,612.754815,15
e5,load75:engine_update,p50,37.66224,35.926788,39.8238915,15
e5,load75:engine_update,p95,41.123114,39.340971,62.786895599999944,15
e5,load75:engine_update,p99,44.79878318,40.851711200000004,78.726237,15
e5,load75:scoring,p50,1.179443,1.113135,1.2836315,15
e5,load75:scoring,p95,1.582204,1.439134,2.2138766999999997,15
e5,load75:scoring,p99,2.1734334200000003,1.7590384200000013,4.031632,15
e5,load75:alert_emit,p50,0.10805,0.103145,0.120839,15
e5,load75:alert_emit,p95,0.664576,0.4166103999999995,2.3059169999999996,15
e5,load75:alert_emit,p99,1.019755280000005,0.7825817599999995,2.73687541,15
e5,load75:total,p50,47.544874500000006,44.400245999999996,393.14421649999997,15
e5,load75:total,p95,90.93195,85.0159069,616.9040210999999,15
e5,load75:total,p99,108.14229542000012,94.61199964000001,660.6132311599999,15
e5,load25:pooled_total,p50,28.05338,28.05338,28.05338,2975
e5,load25:pooled_total,p95,74.9240769,74.9240769,74.9240769,2975
e5,load25:pooled_total,p99,102.44887603999892,102.44887603999892,102.44887603999892,2975
e5,load25:pooled_total,p99.9,830.263029834,830.263029834,830.263029834,2975
e5,load50:pooled_total,p50,46.304727,46.304727,46.304727,5435
e5,load50:pooled_total,p95,96.51272610000002,96.51272610000002,96.51272610000002,5435
e5,load50:pooled_total,p99,115.64176276,115.64176276,115.64176276,5435
e5,load50:pooled_total,p99.9,129.32679862200297,129.32679862200297,129.32679862200297,5435
e5,load75:pooled_total,p50,48.116521,48.116521,48.116521,11111
e5,load75:pooled_total,p95,102.59472199999999,102.59472199999999,102.59472199999999,11111
e5,load75:pooled_total,p99,612.1037044,612.1037044,612.1037044,11111
e5,load75:pooled_total,p99.9,649.29502289,649.29502289,649.29502289,11111
e5cold,cold1-run1,p99_ms,1097.6480555399999,1097.6480555399999,1097.6480555399999,215
e5cold,cold1-run2,p99_ms,80.51717924,80.51717924,80.51717924,213
e5cold,cold1-run3,p99_ms,89.6021208,89.6021208,89.6021208,211
e5cold,cold2-run1,p99_ms,1225.2429355,1225.2429355,1225.2429355,226
e5cold,cold2-run2,p99_ms,86.85217225,86.85217225,86.85217225,216
e5cold,cold2-run3,p99_ms,100.55517842999997,100.55517842999997,100.55517842999997,210
e5cold,cold3-run1,p99_ms,1237.6380703200002,1237.6380703200002,1237.6380703200002,217
e5cold,cold3-run2,p99_ms,85.94649185999997,85.94649185999997,85.94649185999997,212
e5cold,cold3-run3,p99_ms,111.92859060000004,111.92859060000004,111.92859060000004,211
e7,fixed_w1,peak_lag,764076.0,758653.0,818009.0,5
e7,fixed_w1,recovery_s,20.088549613952637,18.745399475097656,24.476620197296143,5
e7,fixed_w1,spike_p99_ms,14081.31922706,14027.76052175,17233.9244362,5
e7,fixed_w2,peak_lag,365731.0,313123.0,520623.0,5
e7,fixed_w2,recovery_s,5.7813684940338135,4.179474115371704,10.858391761779785,5
e7,fixed_w2,spike_p99_ms,4648.87649853,3645.0647740400004,8752.01151677,5
e7,elastic_1to2,peak_lag,598768.0,516549.0,658735.0,5
e7,elastic_1to2,recovery_s,7.66216254234314,6.608341693878174,8.732632398605347,5
e7,elastic_1to2,spike_p99_ms,6104.12360062,5491.69237623,7208.284101300001,5
